dt,symbol,open,high,low,close,volume,vwap,is_trading_day
2024-01-02,2317.tw,104.5,105.0,104.0,105.0,19921105,104.666667,1
2024-01-03,2317.tw,104.5,105.0,104.0,104.5,18957682,104.5,1
2024-01-04,2317.tw,104.5,105.0,104.0,104.0,15488559,104.333333,1
2024-01-05,2317.tw,104.0,104.5,104.0,104.0,13349572,104.166667,1
2024-01-08,2317.tw,103.5,104.0,101.5,101.5,34642006,102.333333,1
2024-01-09,2317.tw,102.0,102.5,101.0,101.0,25228043,101.5,1
2024-01-10,2317.tw,101.0,101.5,100.0,100.0,22800432,100.5,1
2024-01-11,2317.tw,100.0,102.0,99.7,100.5,34453180,100.733332,1
2024-01-12,2317.tw,100.0,101.5,100.0,100.5,29241441,100.666667,1
2024-01-15,2317.tw,101.0,101.5,100.0,100.0,22480585,100.5,1
2024-01-16,2317.tw,99.8,100.5,99.3,100.0,25892269,99.933334,1
2024-01-17,2317.tw,99.8,100.0,98.5,98.6,47592663,99.033333,1
2024-01-18,2317.tw,99.0,100.0,98.9,99.9,18106511,99.600001,1
2024-01-19,2317.tw,100.0,101.0,100.0,100.5,16417094,100.5,1
2024-01-22,2317.tw,100.5,101.0,99.9,99.9,22982811,100.266668,1
2024-01-23,2317.tw,100.0,101.5,99.9,101.0,18993909,100.800001,1
2024-01-24,2317.tw,101.0,101.5,100.5,100.5,13198166,100.833333,1
2024-01-25,2317.tw,101.0,102.0,100.5,102.0,24228872,101.5,1
2024-01-26,2317.tw,102.0,103.5,102.0,102.5,25615989,102.666667,1
2024-01-29,2317.tw,102.5,103.0,102.0,102.5,16386992,102.5,1
2024-01-30,2317.tw,102.5,103.0,102.0,102.0,17551728,102.333333,1
2024-01-31,2317.tw,102.0,102.5,101.5,102.5,18545562,102.166667,1
2024-02-01,2317.tw,102.5,103.0,102.0,103.0,14397907,102.666667,1
2024-02-02,2317.tw,102.5,103.0,101.5,102.0,16516773,102.166667,1
2024-02-05,2317.tw,101.5,102.0,101.0,101.5,17438135,101.5,1
2024-02-15,2317.tw,101.5,102.0,101.0,101.0,27953440,101.333333,1
2024-02-16,2317.tw,101.0,101.5,100.5,101.5,32615887,101.166667,1
2024-02-19,2317.tw,101.5,103.0,101.0,103.0,24938217,102.333333,1
2024-02-20,2317.tw,103.5,104.5,103.0,103.5,39410270,103.666667,1
2024-02-21,2317.tw,103.5,104.0,103.0,103.0,18479374,103.333333,1
2024-02-22,2317.tw,103.5,104.0,103.0,103.5,19601423,103.5,1
2024-02-23,2317.tw,103.5,104.0,103.0,103.0,17252304,103.333333,1
2024-02-26,2317.tw,103.0,104.0,103.0,103.5,19894677,103.5,1
2024-02-27,2317.tw,104.0,104.5,103.0,103.5,28688693,103.666667,1
2024-02-29,2317.tw,103.0,103.5,103.0,103.0,38390662,103.166667,1
2024-03-01,2317.tw,103.0,103.5,102.0,102.0,28121335,102.5,1
2024-03-04,2317.tw,102.5,107.0,102.5,106.5,106351735,105.333333,1
2024-03-05,2317.tw,107.0,108.5,106.5,106.5,75461014,107.166667,1
2024-03-06,2317.tw,106.0,107.5,105.5,106.5,40347458,106.5,1
2024-03-07,2317.tw,108.0,108.5,107.0,107.5,47505374,107.666667,1
2024-03-08,2317.tw,107.5,108.5,104.5,105.0,68582080,106.0,1
2024-03-11,2317.tw,105.0,111.5,105.0,109.5,139480002,108.666667,1
2024-03-12,2317.tw,111.5,119.0,111.5,119.0,347034486,116.5,1
2024-03-13,2317.tw,121.5,123.5,118.0,120.5,338406505,120.666667,1
2024-03-14,2317.tw,121.0,121.5,117.0,121.0,191622484,119.833333,1
2024-03-15,2317.tw,128.0,133.0,127.0,132.0,403022484,130.666667,1
2024-03-18,2317.tw,133.0,137.0,131.5,136.0,239249130,134.833333,1
2024-03-19,2317.tw,133.0,136.0,130.0,136.0,171242442,134.0,1
2024-03-20,2317.tw,136.5,142.0,135.5,138.0,204806549,138.5,1
2024-03-21,2317.tw,141.0,145.0,139.0,142.5,183957559,142.166667,1
2024-03-22,2317.tw,144.0,148.5,142.0,145.5,236266998,145.333333,1
2024-03-25,2317.tw,147.0,147.5,143.0,145.5,145490405,145.333333,1
2024-03-26,2317.tw,146.0,147.0,139.0,142.0,180436950,142.666667,1
2024-03-27,2317.tw,143.0,150.0,143.0,148.5,146369404,147.166667,1
2024-03-28,2317.tw,150.5,157.0,150.0,155.5,196277222,154.166667,1
2024-03-29,2317.tw,157.0,157.5,150.5,151.5,123239000,153.166667,1
2024-04-01,2317.tw,151.0,154.5,150.0,150.5,77891382,151.666667,1
2024-04-02,2317.tw,152.0,159.5,151.0,159.0,178365027,156.5,1
2024-04-03,2317.tw,156.0,159.0,155.0,159.0,141177640,157.666667,1
2024-04-08,2317.tw,159.0,160.0,156.5,158.0,108228836,158.166667,1
2024-04-09,2317.tw,158.5,161.5,155.5,158.0,101725664,158.333333,1
2024-04-10,2317.tw,159.0,160.0,154.0,154.5,97698334,156.166667,1
2024-04-11,2317.tw,153.0,153.5,147.0,150.0,171910054,150.166667,1
2024-04-12,2317.tw,151.0,153.5,148.5,150.5,117153973,150.833333,1
2024-04-15,2317.tw,148.5,150.0,144.5,146.0,111843413,146.833333,1
2024-04-16,2317.tw,142.5,143.0,137.5,141.0,175513013,140.5,1
2024-04-17,2317.tw,143.0,147.5,141.0,146.5,105075694,145.0,1
2024-04-18,2317.tw,144.5,148.5,144.5,148.0,74990020,147.0,1
2024-04-19,2317.tw,146.0,147.5,140.0,143.0,132498553,143.5,1
2024-04-22,2317.tw,141.5,145.5,141.5,143.0,71191312,143.333333,1
2024-04-23,2317.tw,145.5,146.5,143.5,144.0,67495791,144.666667,1
2024-04-24,2317.tw,147.5,157.0,146.5,156.0,191980597,153.166667,1
2024-04-25,2317.tw,153.0,154.5,151.0,151.5,108275889,152.333333,1
2024-04-26,2317.tw,156.5,158.0,154.0,155.0,99130006,155.666667,1
2024-04-29,2317.tw,157.0,161.0,156.0,158.5,98183957,158.5,1
2024-04-30,2317.tw,159.5,161.0,156.0,156.0,72258292,157.666667,1
2024-05-02,2317.tw,153.5,155.0,152.0,154.0,67014593,153.666667,1
2024-05-03,2317.tw,157.5,159.0,156.0,156.0,67145053,157.0,1
2024-05-06,2317.tw,161.5,168.5,161.0,167.5,177370587,165.666667,1
2024-05-07,2317.tw,169.5,171.0,166.5,169.5,124701709,169.0,1
2024-05-08,2317.tw,168.5,171.5,168.0,169.5,75120589,169.666667,1
2024-05-09,2317.tw,169.5,175.0,169.5,170.5,113944686,171.666667,1
2024-05-10,2317.tw,171.5,172.0,167.0,169.5,84399408,169.5,1
2024-05-13,2317.tw,171.0,173.0,169.0,169.5,77795848,170.5,1
2024-05-14,2317.tw,170.0,175.0,168.0,172.0,124475075,171.666667,1
2024-05-15,2317.tw,168.0,174.0,165.5,170.5,155589110,170.0,1
2024-05-16,2317.tw,175.0,179.0,170.5,171.5,149892909,173.666667,1
2024-05-17,2317.tw,173.0,173.0,167.0,170.0,87995690,170.0,1
2024-05-20,2317.tw,170.0,170.5,166.0,167.5,73840961,168.0,1
2024-05-21,2317.tw,166.0,168.5,165.5,166.0,46498585,166.666667,1
2024-05-22,2317.tw,166.0,170.5,166.0,169.0,55204400,168.5,1
2024-05-23,2317.tw,173.5,174.0,169.5,173.0,83577643,172.166667,1
2024-05-24,2317.tw,172.0,176.0,171.0,176.0,69225558,174.333333,1
2024-05-27,2317.tw,179.0,185.0,178.5,185.0,113997157,182.833333,1
2024-05-28,2317.tw,185.5,186.0,183.5,185.5,67804130,185.0,1
2024-05-29,2317.tw,185.5,186.0,180.5,180.5,75213627,182.333333,1
2024-05-30,2317.tw,177.0,179.5,176.0,176.5,78702491,177.333333,1
2024-05-31,2317.tw,177.0,179.0,172.0,172.0,147141860,174.333333,1
2024-06-03,2317.tw,177.0,179.5,174.5,176.5,89188697,176.833333,1
2024-06-04,2317.tw,175.0,176.5,170.0,171.0,101915226,172.5,1
2024-06-05,2317.tw,171.0,178.0,168.5,175.5,117365054,174.0,1
2024-06-06,2317.tw,181.5,183.0,177.5,177.5,121092025,179.333333,1
2024-06-07,2317.tw,177.5,180.0,176.5,177.5,55448022,178.0,1
2024-06-11,2317.tw,179.0,181.5,177.5,180.5,83420531,179.833333,1
2024-06-12,2317.tw,184.0,188.0,182.5,187.5,124760086,186.0,1
2024-06-13,2317.tw,191.0,195.0,188.0,192.0,146691778,191.666667,1
2024-06-14,2317.tw,192.5,198.5,191.0,198.0,123524930,195.833333,1
2024-06-17,2317.tw,197.5,200.0,195.0,200.0,90030798,198.333333,1
2024-06-18,2317.tw,200.5,201.0,197.0,198.5,90319019,198.833333,1
2024-06-19,2317.tw,200.0,208.0,199.5,203.0,173889577,203.5,1
2024-06-20,2317.tw,205.0,217.5,203.5,217.5,177537123,212.833333,1
2024-06-21,2317.tw,211.0,217.5,211.0,212.0,163458287,213.5,1
2024-06-24,2317.tw,209.5,210.0,205.0,206.0,104052744,207.0,1
2024-06-25,2317.tw,203.0,212.0,201.0,211.0,116945868,208.0,1
2024-06-26,2317.tw,211.5,215.5,210.0,210.0,107811774,211.833333,1
2024-06-27,2317.tw,208.0,214.5,207.5,212.5,84781047,211.5,1
2024-06-28,2317.tw,214.0,216.0,212.5,214.0,75725075,214.166667,1
2024-07-01,2317.tw,215.0,217.0,214.5,216.0,73503014,215.833333,1
2024-07-02,2317.tw,212.0,213.0,203.0,204.5,142637509,206.833333,1
2024-07-03,2317.tw,205.0,208.0,203.0,203.0,75817371,204.666667,1
2024-07-04,2317.tw,208.0,215.0,207.5,214.5,110905158,212.333333,1
2024-07-05,2317.tw,214.0,215.5,212.5,214.5,43052441,214.166667,1
2024-07-08,2317.tw,217.0,226.5,216.5,226.5,114405840,223.166667,1
2024-07-09,2317.tw,226.5,234.5,220.5,225.5,137762761,226.833333,1
2024-07-10,2317.tw,225.5,226.0,220.5,223.5,70302456,223.333333,1
2024-07-11,2317.tw,226.5,229.0,224.0,225.5,65419255,226.166667,1
2024-07-12,2317.tw,219.0,221.0,214.0,216.0,137754131,217.0,1
2024-07-15,2317.tw,216.5,219.0,214.5,216.5,52526510,216.666667,1
2024-07-16,2317.tw,216.5,217.5,212.5,213.0,82245845,214.333333,1
2024-07-17,2317.tw,213.0,217.5,211.5,212.0,75060648,213.666667,1
2024-07-18,2317.tw,206.0,209.0,203.0,204.0,132207113,205.333333,1
2024-07-19,2317.tw,200.5,204.0,200.0,204.0,90412154,202.666667,1
2024-07-22,2317.tw,203.0,204.0,191.0,192.5,158438644,195.833333,1
2024-07-23,2317.tw,198.5,201.5,197.0,201.5,83955746,200.0,1
2024-07-26,2317.tw,190.0,194.0,188.5,192.0,101861581,191.5,1
2024-07-29,2317.tw,196.0,197.0,192.0,193.0,58864802,194.0,1
2024-07-30,2317.tw,190.5,197.0,189.0,196.0,55246089,194.0,1
2024-07-31,2317.tw,194.5,202.0,194.0,198.0,76997270,198.0,1
2024-08-01,2317.tw,205.0,205.5,200.5,202.5,70033754,202.833333,1
2024-08-02,2317.tw,192.5,194.5,185.5,186.5,170805688,188.833333,1
2024-08-05,2317.tw,169.5,172.5,168.0,168.0,229394141,169.5,1
2024-08-06,2317.tw,173.5,175.0,160.0,167.5,309246386,167.5,1
2024-08-07,2317.tw,169.0,175.0,168.0,170.5,170623130,171.166667,1
2024-08-08,2317.tw,163.5,166.5,161.0,163.5,171908756,163.666667,1
2024-08-09,2317.tw,170.0,172.0,168.0,168.5,137129939,169.5,1
2024-08-12,2317.tw,172.0,179.0,171.5,176.0,110929344,175.5,1
2024-08-13,2317.tw,180.0,183.0,178.0,181.0,111247858,180.666667,1
2024-08-14,2317.tw,186.0,187.0,183.5,185.5,98234123,185.333333,1
2024-08-15,2317.tw,185.5,186.0,181.0,181.0,83391282,182.666667,1
2024-08-16,2317.tw,186.0,187.0,183.0,184.0,72396121,184.666667,1
2024-08-19,2317.tw,185.0,188.0,184.5,187.0,57256994,186.5,1
2024-08-20,2317.tw,189.5,191.0,186.0,186.5,80711041,187.833333,1
2024-08-21,2317.tw,185.0,186.0,181.5,183.5,71607014,183.666667,1
2024-08-22,2317.tw,184.0,185.0,179.0,179.5,72229297,181.166667,1
2024-08-23,2317.tw,176.0,181.0,175.0,180.0,49085475,178.666667,1
2024-08-26,2317.tw,182.0,185.0,180.5,182.0,42223023,182.5,1
2024-08-27,2317.tw,181.5,182.0,179.0,180.5,27898074,180.5,1
2024-08-28,2317.tw,181.0,186.0,179.5,185.5,59781576,183.666667,1
2024-08-29,2317.tw,180.5,185.5,180.0,184.5,57658983,183.333333,1
2024-08-30,2317.tw,185.0,186.0,183.5,184.5,50920206,184.666667,1
2024-09-02,2317.tw,185.5,187.0,182.0,183.0,35772515,184.0,1
2024-09-03,2317.tw,184.0,187.0,183.0,185.0,50713412,185.0,1
2024-09-04,2317.tw,175.0,181.0,172.0,179.5,124980705,177.5,1
2024-09-05,2317.tw,180.0,181.0,175.0,175.0,75390366,177.0,1
2024-09-06,2317.tw,175.5,178.0,175.0,176.5,38390840,176.5,1
2024-09-09,2317.tw,172.0,174.0,170.5,172.0,66946358,172.166667,1
2024-09-10,2317.tw,173.5,174.0,167.5,169.0,89950703,170.166667,1
2024-09-11,2317.tw,170.0,172.0,169.5,169.5,29053719,170.333333,1
2024-09-12,2317.tw,174.5,177.5,174.0,177.5,52398341,176.333333,1
2024-09-13,2317.tw,179.0,179.5,175.0,176.0,34996605,176.833333,1
2024-09-16,2317.tw,177.0,182.0,175.0,181.0,53785495,179.333333,1
2024-09-18,2317.tw,179.0,179.5,173.5,174.0,76540029,175.666667,1
2024-09-19,2317.tw,174.5,176.5,173.0,176.5,41446153,175.333333,1
2024-09-20,2317.tw,180.0,182.0,177.0,177.0,81520029,178.666667,1
2024-09-23,2317.tw,178.0,180.5,177.5,180.0,30529852,179.333333,1
2024-09-24,2317.tw,179.0,184.0,178.0,183.0,56746047,181.666667,1
2024-09-25,2317.tw,186.5,191.0,186.0,188.5,117055770,188.5,1
2024-09-26,2317.tw,192.0,193.0,188.5,189.5,65079925,190.333333,1
2024-09-27,2317.tw,192.0,194.0,190.0,191.0,67106252,191.666667,1
2024-09-30,2317.tw,190.0,191.0,187.5,187.5,61700675,188.666667,1
2024-10-01,2317.tw,189.0,190.0,185.5,187.0,33579126,187.5,1
2024-10-04,2317.tw,188.0,196.5,188.0,194.0,114048146,192.833333,1
2024-10-07,2317.tw,199.0,199.0,195.0,197.5,83512089,197.166667,1
2024-10-08,2317.tw,197.0,197.5,194.0,194.0,53834729,195.166667,1
2024-10-09,2317.tw,198.0,200.0,197.0,199.0,83114046,198.666667,1
2024-10-11,2317.tw,200.0,202.0,199.0,200.0,69936130,200.333333,1
2024-10-14,2317.tw,200.0,200.0,196.5,199.0,36211894,198.5,1
2024-10-15,2317.tw,201.0,207.5,200.5,207.0,126315098,205.0,1
2024-10-16,2317.tw,204.0,207.5,203.5,205.0,96069107,205.333333,1
2024-10-17,2317.tw,207.5,209.0,204.0,208.5,65050499,207.166667,1
2024-10-18,2317.tw,210.0,211.0,207.0,207.5,101109312,208.5,1
2024-10-21,2317.tw,210.0,213.5,209.0,210.0,58640655,210.833333,1
2024-10-22,2317.tw,211.0,216.0,209.0,215.5,87878376,213.5,1
2024-10-23,2317.tw,214.5,217.0,213.0,216.0,51043274,215.333333,1
2024-10-24,2317.tw,215.0,215.5,210.0,211.5,78486941,212.333333,1
2024-10-25,2317.tw,212.5,216.0,212.0,216.0,49063789,214.666667,1
2024-10-28,2317.tw,218.5,221.5,214.0,215.0,93823853,216.833333,1
2024-10-29,2317.tw,213.0,213.0,207.0,209.5,85568817,209.833333,1
2024-10-30,2317.tw,209.5,215.5,209.0,211.5,67172212,212.0,1
2024-11-01,2317.tw,202.0,208.5,201.5,208.0,87793218,206.0,1
2024-11-04,2317.tw,209.0,214.0,208.0,214.0,57179294,212.0,1
2024-11-05,2317.tw,212.0,215.5,211.0,214.0,43137748,213.5,1
2024-11-06,2317.tw,215.0,217.0,212.5,213.5,66841891,214.333333,1
2024-11-07,2317.tw,212.0,219.0,212.0,217.0,75949925,216.0,1
2024-11-08,2317.tw,219.5,220.0,217.5,218.0,53938151,218.5,1
2024-11-11,2317.tw,219.5,220.0,217.5,220.0,41304740,219.166667,1
2024-11-12,2317.tw,217.5,218.5,214.0,214.0,67724865,215.5,1
2024-11-13,2317.tw,212.5,216.5,212.5,214.5,54978607,214.5,1
2024-11-14,2317.tw,215.0,215.5,209.0,211.5,71008649,212.0,1
2024-11-15,2317.tw,212.0,214.5,206.0,207.0,99347209,209.166667,1
2024-11-18,2317.tw,205.0,208.0,202.0,202.5,59712102,204.166667,1
2024-11-19,2317.tw,203.5,205.0,201.0,203.5,59058419,203.166667,1
2024-11-20,2317.tw,206.0,206.0,206.0,206.0,44351353,206.0,1
2024-11-21,2317.tw,205.0,205.0,202.0,202.5,49115813,203.166667,1
2024-11-22,2317.tw,205.5,207.0,203.0,203.0,36997322,204.333333,1
2024-11-25,2317.tw,206.0,210.5,205.5,210.5,80172067,208.833333,1
2024-11-26,2317.tw,207.0,207.0,202.0,202.5,92584940,203.833333,1
2024-11-27,2317.tw,200.5,201.0,196.5,196.5,92029898,198.0,1
2024-11-28,2317.tw,196.0,199.0,193.0,195.5,56842531,195.833333,1
2024-11-29,2317.tw,193.5,199.0,192.5,195.5,48382854,195.666667,1
2024-12-02,2317.tw,198.5,199.5,195.5,196.0,46054629,197.0,1
2024-12-03,2317.tw,198.5,200.0,196.5,196.5,50430915,197.666667,1
2024-12-04,2317.tw,197.5,201.5,197.0,201.0,48810602,199.833333,1
2024-12-05,2317.tw,203.0,203.5,199.0,199.0,45629278,200.5,1
2024-12-06,2317.tw,199.5,201.5,197.5,198.0,46385653,199.0,1
2024-12-09,2317.tw,198.5,199.0,195.0,195.0,39186123,196.333333,1
2024-12-10,2317.tw,193.0,195.0,192.0,192.0,55981201,193.0,1
2024-12-11,2317.tw,190.0,194.0,189.0,189.0,62875365,190.666667,1
2024-12-12,2317.tw,190.5,193.0,188.5,188.5,47067315,190.0,1
2024-12-13,2317.tw,188.5,189.5,185.5,186.5,52081754,187.166667,1
2024-12-16,2317.tw,188.0,189.5,181.5,182.0,71398289,184.333333,1
2024-12-17,2317.tw,181.0,186.0,181.0,183.0,54107138,183.333333,1
2024-12-18,2317.tw,183.0,185.5,182.5,184.5,46803571,184.166667,1
2024-12-19,2317.tw,181.0,182.0,179.0,181.0,62303203,180.666667,1
2024-12-20,2317.tw,181.0,184.0,180.0,181.0,55158347,181.666667,1
2024-12-23,2317.tw,185.0,187.5,184.0,185.5,50507684,185.666667,1
2024-12-24,2317.tw,187.5,187.5,185.5,185.5,32584682,186.166667,1
2024-12-25,2317.tw,186.5,188.0,186.0,186.5,21198608,186.833333,1
2024-12-26,2317.tw,187.5,189.0,187.0,187.5,35581123,187.833333,1
2024-12-27,2317.tw,187.5,188.0,185.5,186.5,20870917,186.666667,1
2024-12-30,2317.tw,185.5,187.0,184.5,185.0,23909208,185.5,1
2024-12-31,2317.tw,184.5,185.0,183.0,184.0,21179875,184.0,1
2025-01-02,2317.tw,184.0,186.0,181.5,182.5,38301022,183.333333,1
2025-01-03,2317.tw,183.0,184.0,180.5,181.0,46698161,181.833333,1
2025-01-06,2317.tw,185.0,187.5,183.5,184.5,66600965,185.166667,1
2025-01-07,2317.tw,187.0,192.0,186.5,190.0,80605094,189.5,1
2025-01-08,2317.tw,190.0,190.0,187.0,188.0,40650155,188.333333,1
2025-01-09,2317.tw,188.0,188.0,183.0,183.0,44873514,184.666667,1
2025-01-10,2317.tw,182.5,184.0,181.0,181.5,39132489,182.166667,1
2025-01-13,2317.tw,180.0,180.5,171.5,171.5,148207264,174.5,1
2025-01-14,2317.tw,171.5,174.5,171.0,174.5,62025042,173.333333,1
2025-01-15,2317.tw,174.5,175.5,171.0,171.0,57853514,172.5,1
2025-01-16,2317.tw,175.0,176.0,173.0,173.5,41090927,174.166667,1
2025-01-17,2317.tw,173.0,175.5,172.0,173.5,44467947,173.666667,1
2025-01-20,2317.tw,174.5,178.0,174.5,178.0,33266229,176.833333,1
2025-01-21,2317.tw,178.5,180.0,177.0,178.5,31745824,178.5,1
2025-01-22,2317.tw,180.5,181.0,178.5,180.0,43634401,179.833333,1
2025-02-03,2317.tw,164.0,168.0,163.5,165.5,155112848,165.666667,1
2025-02-04,2317.tw,167.0,169.0,165.0,165.0,62817481,166.333333,1
2025-02-05,2317.tw,167.0,171.5,167.0,171.0,50787569,169.833333,1
2025-02-06,2317.tw,172.5,174.0,171.0,173.0,40235011,172.666667,1
2025-02-07,2317.tw,175.0,178.0,174.0,178.0,50334024,176.666667,1
2025-02-10,2317.tw,176.0,176.5,174.0,174.0,35975740,174.833333,1
2025-02-11,2317.tw,178.0,182.0,176.0,179.0,69282654,179.0,1
2025-02-12,2317.tw,181.5,181.5,177.0,177.0,41760435,178.5,1
2025-02-13,2317.tw,177.0,181.0,177.0,180.0,40054109,179.333333,1
2025-02-14,2317.tw,180.0,180.5,177.5,178.0,26170902,178.666667,1
2025-02-17,2317.tw,179.5,182.5,179.0,182.5,46052153,181.333333,1
2025-02-18,2317.tw,183.0,184.0,181.0,183.5,26614265,182.833333,1
2025-02-19,2317.tw,183.5,184.5,182.0,183.0,33998620,183.166667,1
2025-02-20,2317.tw,183.0,183.5,181.5,182.0,23201907,182.333333,1
2025-02-21,2317.tw,181.5,184.0,181.0,183.0,34837198,182.666667,1
2025-02-24,2317.tw,181.0,184.0,180.5,184.0,26499357,182.833333,1
2025-02-25,2317.tw,181.5,182.0,177.5,177.5,62236037,179.0,1
2025-02-26,2317.tw,175.0,181.0,174.5,180.5,44189198,178.666667,1
2025-02-27,2317.tw,180.0,181.5,174.0,174.0,78529299,176.5,1
2025-03-03,2317.tw,172.0,175.0,170.0,170.0,67754390,171.666667,1
2025-03-04,2317.tw,165.5,172.0,165.0,170.5,68513242,169.166667,1
2025-03-05,2317.tw,171.5,175.0,171.5,173.5,44481318,173.333333,1
2025-03-06,2317.tw,175.5,176.0,173.5,173.5,28371666,174.333333,1
2025-03-07,2317.tw,171.0,174.5,171.0,172.0,31346422,172.5,1
2025-03-10,2317.tw,173.5,174.0,170.0,172.0,35538548,172.0,1
2025-03-11,2317.tw,166.0,169.5,165.0,168.5,65518436,167.666667,1
2025-03-12,2317.tw,169.0,171.5,169.0,170.5,39457767,170.333333,1
2025-03-13,2317.tw,172.5,174.0,168.0,168.0,33203563,170.0,1
2025-03-14,2317.tw,168.5,170.5,168.0,170.0,32460048,169.5,1
2025-03-17,2317.tw,172.0,172.5,168.0,168.0,49505421,169.5,1
2025-03-18,2317.tw,169.0,169.5,167.0,167.5,38491878,168.0,1
2025-03-19,2317.tw,167.0,167.5,163.5,164.0,76827146,165.0,1
2025-03-20,2317.tw,165.0,167.0,164.5,166.0,36080294,165.833333,1
2025-03-21,2317.tw,167.0,167.0,165.0,165.0,44208163,165.666667,1
2025-03-24,2317.tw,166.5,167.0,163.0,163.0,40731359,164.333333,1
2025-03-25,2317.tw,165.5,166.5,164.0,165.0,32238564,165.166667,1
2025-03-26,2317.tw,166.0,167.0,165.0,166.0,18157417,166.0,1
2025-03-27,2317.tw,163.5,164.0,160.0,160.5,64776987,161.5,1
2025-03-28,2317.tw,158.0,158.5,153.0,154.0,106024520,155.166667,1
2025-03-31,2317.tw,145.0,149.5,145.0,146.0,126784939,146.833333,1
2025-04-01,2317.tw,148.5,153.0,148.0,152.0,59980318,151.0,1
2025-04-02,2317.tw,153.0,154.5,152.0,153.5,38028390,153.333333,1
2025-04-07,2317.tw,138.5,138.5,138.5,138.5,26126364,138.5,1
2025-04-08,2317.tw,127.0,130.5,125.0,125.0,301202019,126.833333,1
2025-04-09,2317.tw,119.0,122.5,112.5,112.5,358282270,115.833333,1
2025-04-10,2317.tw,123.5,123.5,123.5,123.5,35122259,123.5,1
2025-04-11,2317.tw,118.5,135.0,117.0,134.5,293820443,128.833333,1
2025-04-14,2317.tw,141.5,145.0,136.0,138.5,210223406,139.833333,1
2025-04-15,2317.tw,139.0,140.0,136.0,139.5,84519852,138.5,1
2025-04-16,2317.tw,138.0,139.5,136.0,136.0,59628853,137.166667,1
2025-04-17,2317.tw,134.5,135.5,132.0,134.5,63502645,134.0,1
2025-04-18,2317.tw,135.0,136.5,133.5,135.5,25953939,135.166667,1
2025-04-21,2317.tw,135.0,137.0,134.5,136.5,31715258,136.0,1
2025-04-22,2317.tw,134.5,136.0,131.5,132.0,43756112,133.166667,1
2025-04-23,2317.tw,136.0,139.5,136.0,139.0,64790108,138.166667,1
2025-04-24,2317.tw,139.0,139.0,135.5,136.5,43373263,137.0,1
2025-04-25,2317.tw,140.5,141.0,138.5,139.0,53501504,139.5,1
2025-04-28,2317.tw,140.0,143.5,140.0,142.5,46661370,142.0,1
2025-04-29,2317.tw,141.5,143.5,141.0,143.0,37793068,142.5,1
2025-04-30,2317.tw,143.0,144.0,141.5,141.5,41225512,142.333333,1
2025-05-02,2317.tw,144.5,148.0,144.0,147.5,58858234,146.5,1
2025-05-05,2317.tw,149.0,149.0,142.0,142.5,65835101,144.5,1
2025-05-06,2317.tw,142.5,146.5,142.0,146.0,52642201,144.833333,1
2025-05-07,2317.tw,146.5,148.0,143.5,145.0,42941757,145.5,1
2025-05-08,2317.tw,145.5,146.5,144.5,146.0,28650766,145.666667,1
2025-05-09,2317.tw,146.5,147.5,145.5,147.0,29653062,146.666667,1
2025-05-12,2317.tw,149.0,153.0,148.5,153.0,58159600,151.5,1
2025-05-13,2317.tw,159.5,161.5,157.0,158.0,91396561,158.833333,1
2025-05-14,2317.tw,161.5,163.0,159.5,163.0,68720158,161.833333,1
2025-05-15,2317.tw,163.0,163.0,158.5,159.5,68371776,160.333333,1
2025-05-16,2317.tw,158.5,159.5,157.0,158.0,34064080,158.166667,1
2025-05-19,2317.tw,157.0,158.0,154.0,154.0,51994460,155.333333,1
2025-05-20,2317.tw,157.0,158.5,153.5,154.0,40404578,155.333333,1
2025-05-21,2317.tw,155.0,156.5,154.5,155.0,28794921,155.333333,1
2025-05-22,2317.tw,153.5,154.0,151.5,153.0,36180030,152.833333,1
2025-05-23,2317.tw,156.0,156.0,153.0,154.0,22240124,154.333333,1
2025-05-26,2317.tw,152.5,155.0,151.0,153.0,28674499,153.0,1
2025-05-27,2317.tw,153.5,155.0,152.0,152.0,27178660,153.0,1
2025-05-28,2317.tw,154.0,154.0,151.5,152.0,31301270,152.5,1
2025-05-29,2317.tw,154.5,158.0,154.0,156.0,88695221,156.0,1
2025-06-02,2317.tw,154.0,154.5,151.0,152.5,54596606,152.666667,1
2025-06-03,2317.tw,153.5,155.0,151.5,151.5,37496603,152.666667,1
2025-06-04,2317.tw,153.5,156.0,153.0,156.0,39430089,155.0,1
2025-06-05,2317.tw,156.5,157.0,155.5,155.5,34135967,156.0,1
2025-06-06,2317.tw,155.5,155.5,153.0,153.0,23622232,153.833333,1
2025-06-09,2317.tw,155.0,155.5,154.0,154.5,18242233,154.666667,1
2025-06-10,2317.tw,155.5,156.0,155.0,155.5,31625938,155.5,1
2025-06-11,2317.tw,156.5,157.5,155.5,156.0,26921144,156.333333,1
2025-06-12,2317.tw,155.5,158.0,154.0,157.5,32770167,156.5,1
2025-06-13,2317.tw,157.0,158.5,156.0,156.5,37075939,157.0,1
2025-06-16,2317.tw,156.0,157.0,154.5,155.0,21564832,155.5,1
2025-06-17,2317.tw,156.5,157.0,154.5,155.0,25153697,155.5,1
2025-06-18,2317.tw,155.0,156.5,154.0,156.0,34125837,155.5,1
2025-06-19,2317.tw,155.5,156.0,154.0,154.0,20289055,154.666667,1
2025-06-20,2317.tw,154.5,155.5,153.0,155.5,58365008,154.666667,1
2025-06-23,2317.tw,153.0,156.0,152.0,156.0,48485749,154.666667,1
2025-06-24,2317.tw,158.0,162.0,157.5,160.5,66177329,160.0,1
2025-06-25,2317.tw,161.5,162.0,160.0,162.0,48074338,161.333333,1
2025-06-26,2317.tw,162.0,164.0,161.5,163.0,64983063,162.833333,1
2025-06-27,2317.tw,163.0,165.5,162.5,165.0,74726884,164.333333,1
2025-06-30,2317.tw,166.0,166.5,161.0,161.0,59551541,162.833333,1
2025-07-01,2317.tw,161.5,166.0,161.0,165.5,101734619,164.166667,1
2025-07-02,2317.tw,160.0,162.0,160.0,162.0,64904578,161.333333,1
2025-07-03,2317.tw,164.0,164.5,163.0,164.0,45499276,163.833333,1
2025-07-04,2317.tw,164.0,164.5,160.5,161.0,27434055,162.0,1
2025-07-07,2317.tw,161.0,162.0,159.5,161.0,23838993,160.833333,1
2025-07-08,2317.tw,160.5,161.0,158.5,159.0,30285544,159.5,1
2025-07-09,2317.tw,159.5,161.5,159.0,161.0,28926202,160.5,1
2025-07-10,2317.tw,161.0,162.5,160.0,161.5,29653356,161.333333,1
2025-07-11,2317.tw,161.5,162.5,160.5,161.5,20131944,161.5,1
2025-07-14,2317.tw,161.5,162.5,160.5,160.5,18584525,161.166667,1
2025-07-15,2317.tw,160.0,163.0,160.0,163.0,20264333,162.0,1
2025-07-16,2317.tw,163.0,164.0,162.5,162.5,23986877,163.0,1
2025-07-17,2317.tw,163.0,164.0,162.5,164.0,20425825,163.5,1
2025-07-18,2317.tw,165.0,166.0,164.5,165.5,34053809,165.333333,1
2025-07-21,2317.tw,166.0,166.5,164.5,165.0,16688671,165.333333,1
2025-07-22,2317.tw,165.0,166.0,161.5,162.0,37854645,163.166667,1
2025-07-23,2317.tw,163.5,166.0,163.5,166.0,50337916,165.166667,1
2025-07-24,2317.tw,168.0,174.0,167.5,174.0,124903778,171.833333,1
2025-07-25,2317.tw,175.5,175.5,173.0,174.5,55406174,174.333333,1
2025-07-28,2317.tw,176.0,178.0,175.5,176.0,54693143,176.5,1
2025-07-29,2317.tw,175.0,175.5,171.0,171.5,48559908,172.666667,1
2025-07-30,2317.tw,171.5,171.5,171.5,171.5,0,171.5,1
2025-07-31,2317.tw,178.0,179.0,176.0,178.0,88011311,177.666667,1
2025-08-04,2317.tw,179.5,181.0,178.5,180.0,43591055,179.833333,1
2025-08-05,2317.tw,182.0,185.0,182.0,184.5,50872232,183.833333,1
2025-08-06,2317.tw,185.5,188.5,184.0,186.0,67331558,186.166667,1
2025-08-07,2317.tw,190.0,195.0,190.0,194.5,116627300,193.166667,1
2025-08-08,2317.tw,197.0,197.0,193.5,194.5,63362046,195.0,1
2025-08-11,2317.tw,194.0,198.0,192.5,198.0,50587400,196.166667,1
2025-08-12,2317.tw,198.5,199.0,195.5,197.0,37740908,197.166667,1
2025-08-13,2317.tw,198.0,199.0,193.5,198.5,99654169,197.0,1
2025-08-14,2317.tw,197.5,200.0,197.0,199.5,76141475,198.833333,1
2025-08-15,2317.tw,205.0,208.0,202.0,207.0,152202911,205.666667,1
2025-08-18,2317.tw,207.5,210.0,206.0,210.0,71303659,208.666667,1
2025-08-19,2317.tw,210.0,212.0,208.0,208.0,48799892,209.333333,1
2025-08-20,2317.tw,206.0,206.5,200.0,200.5,120493896,202.333333,1
2025-08-21,2317.tw,201.0,206.0,201.0,206.0,66575736,204.333333,1
2025-08-22,2317.tw,208.0,208.0,202.0,202.5,52817040,204.166667,1
2025-08-25,2317.tw,207.0,208.0,206.0,207.5,51151687,207.166667,1
2025-08-26,2317.tw,207.0,209.0,206.0,209.0,40946610,208.0,1
2025-08-27,2317.tw,210.0,210.0,207.5,208.0,39112918,208.5,1
2025-08-28,2317.tw,207.5,207.5,204.0,206.0,45436240,205.833333,1
2025-08-29,2317.tw,206.0,207.0,202.5,203.5,52960909,204.333333,1
2025-09-01,2317.tw,203.0,204.5,197.0,198.5,67997565,200.0,1
2025-09-02,2317.tw,200.0,203.5,198.0,198.5,34829147,200.0,1
2025-09-03,2317.tw,198.5,201.0,197.0,200.5,33636295,199.5,1
2025-09-04,2317.tw,203.0,205.0,202.0,203.0,41160693,203.333333,1
2025-09-05,2317.tw,205.5,206.5,203.0,205.0,37057097,204.833333,1
2025-09-08,2317.tw,206.0,207.5,202.0,203.5,44569167,204.333333,1
2025-09-09,2317.tw,204.5,208.0,204.0,207.5,63494345,206.5,1
2025-09-10,2317.tw,211.0,211.0,209.0,210.0,84148890,210.0,1
2025-09-11,2317.tw,212.0,216.5,209.0,214.5,129973733,213.333333,1
2025-09-12,2317.tw,217.0,218.5,216.5,217.5,71479522,217.5,1
2025-09-15,2317.tw,218.5,218.5,213.0,216.0,55330938,215.833333,1
2025-09-16,2317.tw,217.0,217.0,213.5,215.5,49662786,215.333333,1
2025-09-17,2317.tw,214.0,214.5,211.0,212.0,55894730,212.5,1
2025-09-18,2317.tw,211.5,216.0,208.0,215.0,78891977,213.0,1
2025-09-19,2317.tw,216.5,217.0,214.0,214.0,56361409,215.0,1
2025-09-22,2317.tw,215.5,218.0,214.0,216.0,33805955,216.0,1
2025-09-23,2317.tw,218.0,222.0,217.5,221.0,103442188,220.166667,1
2025-09-24,2317.tw,222.0,223.0,219.0,223.0,64385629,221.666667,1
2025-09-25,2317.tw,223.0,231.0,222.5,230.0,123630302,227.833333,1
2025-09-26,2317.tw,230.0,230.5,218.5,219.5,116991800,222.833333,1
2024-01-02,2330.tw,590.0,593.0,589.0,593.0,26059058,591.666667,1
2024-01-03,2330.tw,584.0,585.0,576.0,578.0,37106763,579.666667,1
2024-01-04,2330.tw,580.0,581.0,577.0,580.0,15309129,579.333333,1
2024-01-05,2330.tw,578.0,580.0,574.0,576.0,18158971,576.666667,1
2024-01-08,2330.tw,582.0,585.0,579.0,583.0,17761275,582.333333,1
2024-01-09,2330.tw,588.0,589.0,583.0,586.0,22501510,586.0,1
2024-01-10,2330.tw,581.0,586.0,580.0,584.0,13037716,583.333333,1
2024-01-11,2330.tw,586.0,589.0,583.0,586.0,23997409,586.0,1
2024-01-12,2330.tw,581.0,588.0,581.0,584.0,16496053,584.333333,1
2024-01-15,2330.tw,590.0,590.0,585.0,586.0,21143076,587.0,1
2024-01-16,2330.tw,581.0,588.0,579.0,580.0,27223860,582.333333,1
2024-01-17,2330.tw,583.0,584.0,578.0,581.0,42592335,581.0,1
2024-01-18,2330.tw,586.0,589.0,585.0,588.0,27209996,587.333333,1
2024-01-19,2330.tw,625.0,627.0,614.0,626.0,161106401,622.333333,1
2024-01-22,2330.tw,633.0,633.0,623.0,626.0,65168775,627.333333,1
2024-01-23,2330.tw,629.0,629.0,622.0,628.0,41072439,626.333333,1
2024-01-24,2330.tw,628.0,630.0,624.0,627.0,26635005,627.0,1
2024-01-25,2330.tw,635.0,642.0,633.0,642.0,52243347,639.0,1
2024-01-26,2330.tw,644.0,646.0,639.0,644.0,41153025,643.0,1
2024-01-29,2330.tw,646.0,648.0,644.0,648.0,27825490,646.666667,1
2024-01-30,2330.tw,642.0,647.0,642.0,642.0,36161825,643.666667,1
2024-01-31,2330.tw,634.0,637.0,626.0,628.0,41277950,630.333333,1
2024-02-01,2330.tw,625.0,628.0,619.0,628.0,44946369,625.0,1
2024-02-02,2330.tw,633.0,635.0,628.0,635.0,26334815,632.666667,1
2024-02-05,2330.tw,645.0,647.0,638.0,646.0,44017740,643.666667,1
2024-02-15,2330.tw,709.0,709.0,693.0,697.0,112945296,699.666667,1
2024-02-16,2330.tw,697.0,699.0,683.0,683.0,44232811,688.333333,1
2024-02-19,2330.tw,674.0,682.0,674.0,678.0,34408673,678.0,1
2024-02-20,2330.tw,675.0,688.0,675.0,687.0,30166461,683.333333,1
2024-02-21,2330.tw,678.0,683.0,678.0,681.0,30564485,680.666667,1
2024-02-22,2330.tw,695.0,695.0,685.0,692.0,33145643,690.666667,1
2024-02-23,2330.tw,701.0,703.0,696.0,697.0,46448923,698.666667,1
2024-02-26,2330.tw,700.0,700.0,695.0,698.0,28798079,697.666667,1
2024-02-27,2330.tw,700.0,701.0,691.0,698.0,33006829,696.666667,1
2024-02-29,2330.tw,691.0,698.0,688.0,690.0,54368302,692.0,1
2024-03-01,2330.tw,697.0,697.0,688.0,689.0,23390635,691.333333,1
2024-03-04,2330.tw,714.0,725.0,711.0,725.0,88861397,720.333333,1
2024-03-05,2330.tw,735.0,738.0,728.0,730.0,64403889,732.0,1
2024-03-06,2330.tw,718.0,738.0,717.0,735.0,43687122,730.0,1
2024-03-07,2330.tw,755.0,769.0,754.0,760.0,71817344,761.0,1
2024-03-08,2330.tw,795.0,796.0,772.0,784.0,87139744,784.0,1
2024-03-11,2330.tw,768.0,778.0,761.0,766.0,64759810,768.333333,1
2024-03-12,2330.tw,757.0,771.0,754.0,770.0,58110339,765.0,1
2024-03-13,2330.tw,785.0,785.0,777.0,779.0,36754557,780.333333,1
2024-03-14,2330.tw,779.0,785.0,770.0,784.0,42010806,779.666667,1
2024-03-15,2330.tw,771.0,777.0,753.0,753.0,73316437,761.0,1
2024-03-18,2330.tw,754.0,765.0,754.0,764.0,43589856,761.0,1
2024-03-19,2330.tw,758.0,765.0,755.0,762.0,30152375,760.666667,1
2024-03-20,2330.tw,764.0,769.0,752.0,758.0,41280325,759.666667,1
2024-03-21,2330.tw,773.0,784.0,772.0,784.0,46026103,780.0,1
2024-03-22,2330.tw,788.0,789.0,775.0,785.0,30660820,783.0,1
2024-03-25,2330.tw,783.0,788.0,779.0,780.0,19877101,782.333333,1
2024-03-26,2330.tw,788.0,792.0,776.0,782.0,40990702,783.333333,1
2024-03-27,2330.tw,785.0,785.0,779.0,779.0,18794479,781.0,1
2024-03-28,2330.tw,774.0,776.0,768.0,769.0,27190918,771.0,1
2024-03-29,2330.tw,769.0,777.0,768.0,776.0,9802000,773.666667,1
2024-04-01,2330.tw,783.0,783.0,769.0,770.0,21041261,774.0,1
2024-04-02,2330.tw,784.0,790.0,783.0,790.0,37974481,787.666667,1
2024-04-03,2330.tw,783.0,785.0,778.0,780.0,30890544,781.0,1
2024-04-08,2330.tw,789.0,792.0,783.0,783.0,32202226,786.0,1
2024-04-09,2330.tw,795.0,820.0,792.0,819.0,56857731,810.333333,1
2024-04-10,2330.tw,815.0,819.0,810.0,815.0,27480849,814.666667,1
2024-04-11,2330.tw,811.0,820.0,811.0,820.0,25200651,817.0,1
2024-04-12,2330.tw,823.0,826.0,817.0,818.0,31508936,820.333333,1
2024-04-15,2330.tw,804.0,812.0,803.0,806.0,38913470,807.0,1
2024-04-16,2330.tw,802.0,803.0,785.0,788.0,49508969,792.0,1
2024-04-17,2330.tw,798.0,808.0,793.0,804.0,34472074,801.666667,1
2024-04-18,2330.tw,796.0,810.0,792.0,804.0,43598591,802.0,1
2024-04-19,2330.tw,769.0,770.0,746.0,750.0,130968654,755.333333,1
2024-04-22,2330.tw,740.0,757.0,740.0,742.0,46540798,746.333333,1
2024-04-23,2330.tw,761.0,761.0,752.0,754.0,30423647,755.666667,1
2024-04-24,2330.tw,770.0,785.0,769.0,783.0,39457128,779.0,1
2024-04-25,2330.tw,770.0,774.0,765.0,766.0,28534926,768.333333,1
2024-04-26,2330.tw,788.0,789.0,782.0,782.0,32571247,784.333333,1
2024-04-29,2330.tw,790.0,795.0,787.0,795.0,26765837,792.333333,1
2024-04-30,2330.tw,797.0,802.0,790.0,790.0,39051972,794.0,1
2024-05-02,2330.tw,789.0,789.0,772.0,772.0,40527228,777.666667,1
2024-05-03,2330.tw,788.0,788.0,773.0,780.0,29901556,780.333333,1
2024-05-06,2330.tw,791.0,793.0,786.0,786.0,32599878,788.333333,1
2024-05-07,2330.tw,797.0,800.0,792.0,800.0,33890214,797.333333,1
2024-05-08,2330.tw,794.0,802.0,792.0,802.0,21757193,798.666667,1
2024-05-09,2330.tw,798.0,802.0,796.0,796.0,21923999,798.0,1
2024-05-10,2330.tw,803.0,807.0,798.0,802.0,25101318,802.333333,1
2024-05-13,2330.tw,823.0,825.0,818.0,819.0,34812619,820.666667,1
2024-05-14,2330.tw,816.0,825.0,811.0,825.0,28691846,820.333333,1
2024-05-15,2330.tw,838.0,844.0,837.0,839.0,39467772,840.0,1
2024-05-16,2330.tw,852.0,856.0,837.0,841.0,43927195,844.666667,1
2024-05-17,2330.tw,848.0,848.0,834.0,835.0,26207289,839.0,1
2024-05-20,2330.tw,834.0,838.0,822.0,835.0,28808661,831.666667,1
2024-05-21,2330.tw,830.0,841.0,830.0,841.0,19705349,837.333333,1
2024-05-22,2330.tw,845.0,865.0,843.0,864.0,36628342,857.333333,1
2024-05-23,2330.tw,875.0,877.0,867.0,875.0,37266618,873.0,1
2024-05-24,2330.tw,858.0,872.0,858.0,867.0,34136382,865.666667,1
2024-05-27,2330.tw,872.0,878.0,866.0,869.0,26726954,871.0,1
2024-05-28,2330.tw,867.0,873.0,865.0,865.0,25329216,867.666667,1
2024-05-29,2330.tw,861.0,868.0,856.0,857.0,33436835,860.333333,1
2024-05-30,2330.tw,841.0,848.0,838.0,838.0,38065102,841.333333,1
2024-05-31,2330.tw,838.0,846.0,821.0,821.0,77438401,829.333333,1
2024-06-03,2330.tw,839.0,853.0,837.0,846.0,28345488,845.333333,1
2024-06-04,2330.tw,844.0,851.0,837.0,839.0,28223635,842.333333,1
2024-06-05,2330.tw,841.0,857.0,835.0,854.0,31975446,848.666667,1
2024-06-06,2330.tw,893.0,899.0,885.0,894.0,62925136,892.666667,1
2024-06-07,2330.tw,885.0,888.0,879.0,879.0,41075399,882.0,1
2024-06-11,2330.tw,892.0,895.0,883.0,883.0,48228488,887.0,1
2024-06-12,2330.tw,888.0,914.0,888.0,909.0,48106925,903.666667,1
2024-06-13,2330.tw,923.0,935.0,911.0,919.0,55857091,921.666667,1
2024-06-14,2330.tw,916.0,922.0,905.0,922.0,38408123,916.333333,1
2024-06-17,2330.tw,913.0,925.0,913.0,921.0,26292426,919.666667,1
2024-06-18,2330.tw,944.0,950.0,940.0,943.0,37876013,944.333333,1
2024-06-19,2330.tw,953.0,984.0,953.0,981.0,72228052,972.666667,1
2024-06-20,2330.tw,971.0,981.0,971.0,981.0,48225374,977.666667,1
2024-06-21,2330.tw,961.0,978.0,960.0,970.0,88376132,969.333333,1
2024-06-24,2330.tw,958.0,960.0,940.0,940.0,66391994,946.666667,1
2024-06-25,2330.tw,925.0,945.0,923.0,945.0,57368432,937.666667,1
2024-06-26,2330.tw,951.0,960.0,951.0,960.0,44967166,957.0,1
2024-06-27,2330.tw,951.0,961.0,949.0,960.0,39729446,956.666667,1
2024-06-28,2330.tw,956.0,971.0,955.0,966.0,39138210,964.0,1
2024-07-01,2330.tw,968.0,977.0,965.0,968.0,19935737,970.0,1
2024-07-02,2330.tw,967.0,971.0,959.0,960.0,25427569,963.333333,1
2024-07-03,2330.tw,976.0,979.0,967.0,979.0,24070411,975.0,1
2024-07-04,2330.tw,1000.0,1010.0,997.0,1005.0,41893299,1004.0,1
2024-07-05,2330.tw,1005.0,1010.0,1000.0,1005.0,19998094,1005.0,1
2024-07-08,2330.tw,1005.0,1050.0,1000.0,1035.0,40146763,1028.333333,1
2024-07-09,2330.tw,1030.0,1055.0,1025.0,1040.0,46373121,1040.0,1
2024-07-10,2330.tw,1020.0,1050.0,1015.0,1045.0,46206302,1036.666667,1
2024-07-11,2330.tw,1065.0,1080.0,1055.0,1080.0,41724336,1071.666667,1
2024-07-12,2330.tw,1030.0,1045.0,1025.0,1040.0,68983062,1036.666667,1
2024-07-15,2330.tw,1040.0,1045.0,1025.0,1040.0,38393309,1036.666667,1
2024-07-16,2330.tw,1040.0,1070.0,1035.0,1055.0,32125609,1053.333333,1
2024-07-17,2330.tw,1035.0,1045.0,1020.0,1030.0,54022399,1031.666667,1
2024-07-18,2330.tw,988.0,1005.0,986.0,1005.0,81990095,998.666667,1
2024-07-19,2330.tw,988.0,995.0,970.0,970.0,92507621,978.333333,1
2024-07-22,2330.tw,964.0,965.0,938.0,939.0,83062356,947.333333,1
2024-07-23,2330.tw,963.0,979.0,956.0,979.0,47213266,971.333333,1
2024-07-26,2330.tw,915.0,930.0,915.0,924.0,82081735,923.0,1
2024-07-29,2330.tw,942.0,948.0,936.0,944.0,40809258,942.666667,1
2024-07-30,2330.tw,930.0,949.0,926.0,940.0,41761392,938.333333,1
2024-07-31,2330.tw,929.0,940.0,928.0,934.0,39894991,934.0,1
2024-08-01,2330.tw,969.0,969.0,948.0,960.0,47382270,959.0,1
2024-08-02,2330.tw,918.0,928.0,903.0,903.0,76144485,911.333333,1
2024-08-05,2330.tw,852.0,857.0,813.0,815.0,144057989,828.333333,1
2024-08-06,2330.tw,868.0,895.0,840.0,880.0,102930842,871.666667,1
2024-08-07,2330.tw,901.0,920.0,893.0,920.0,59158704,911.0,1
2024-08-08,2330.tw,901.0,905.0,887.0,896.0,38236391,896.0,1
2024-08-09,2330.tw,927.0,934.0,922.0,934.0,49494621,930.0,1
2024-08-12,2330.tw,942.0,948.0,931.0,940.0,38331663,939.666667,1
2024-08-13,2330.tw,945.0,945.0,937.0,941.0,25764381,941.0,1
2024-08-14,2330.tw,951.0,955.0,945.0,948.0,36780856,949.333333,1
2024-08-15,2330.tw,945.0,950.0,941.0,943.0,19476402,944.666667,1
2024-08-16,2330.tw,963.0,969.0,958.0,969.0,44062316,965.333333,1
2024-08-19,2330.tw,969.0,975.0,964.0,973.0,21348863,970.666667,1
2024-08-20,2330.tw,977.0,977.0,968.0,973.0,24039959,972.666667,1
2024-08-21,2330.tw,961.0,964.0,956.0,958.0,29758188,959.333333,1
2024-08-22,2330.tw,958.0,964.0,948.0,951.0,24349754,954.333333,1
2024-08-23,2330.tw,944.0,952.0,939.0,949.0,27592153,946.666667,1
2024-08-26,2330.tw,957.0,961.0,945.0,950.0,25057581,952.0,1
2024-08-27,2330.tw,945.0,946.0,940.0,942.0,18693037,942.666667,1
2024-08-28,2330.tw,945.0,964.0,943.0,964.0,31059233,957.0,1
2024-08-29,2330.tw,942.0,947.0,937.0,943.0,43530708,942.333333,1
2024-08-30,2330.tw,944.0,952.0,941.0,944.0,63834981,945.666667,1
2024-09-02,2330.tw,950.0,955.0,943.0,948.0,18646835,948.666667,1
2024-09-03,2330.tw,948.0,952.0,939.0,940.0,19547575,943.666667,1
2024-09-04,2330.tw,894.0,905.0,888.0,889.0,79709021,894.0,1
2024-09-05,2330.tw,907.0,915.0,900.0,902.0,30512026,905.666667,1
2024-09-06,2330.tw,909.0,918.0,903.0,918.0,24458336,913.0,1
2024-09-09,2330.tw,892.0,900.0,891.0,899.0,35885268,896.666667,1
2024-09-10,2330.tw,907.0,911.0,901.0,904.0,33498628,905.333333,1
2024-09-11,2330.tw,906.0,906.0,900.0,901.0,18029342,902.333333,1
2024-09-12,2330.tw,936.0,944.0,928.0,940.0,39454846,937.333333,1
2024-09-13,2330.tw,955.0,955.0,939.0,947.0,25347586,947.0,1
2024-09-16,2330.tw,952.0,952.0,943.0,947.0,13626239,947.333333,1
2024-09-18,2330.tw,945.0,948.0,933.0,941.0,28424324,940.666667,1
2024-09-19,2330.tw,940.0,960.0,936.0,960.0,32739630,952.0,1
2024-09-20,2330.tw,981.0,982.0,971.0,973.0,60133709,975.333333,1
2024-09-23,2330.tw,971.0,977.0,971.0,977.0,14497067,975.0,1
2024-09-24,2330.tw,976.0,987.0,971.0,987.0,26785975,981.666667,1
2024-09-25,2330.tw,1000.0,1005.0,998.0,1005.0,39405222,1002.666667,1
2024-09-26,2330.tw,1010.0,1015.0,1005.0,1015.0,38321585,1011.666667,1
2024-09-27,2330.tw,1020.0,1025.0,1000.0,1000.0,35783779,1008.333333,1
2024-09-30,2330.tw,978.0,990.0,957.0,957.0,61603217,968.0,1
2024-10-01,2330.tw,967.0,977.0,967.0,972.0,26760355,972.0,1
2024-10-04,2330.tw,986.0,986.0,967.0,977.0,40934818,976.666667,1
2024-10-07,2330.tw,993.0,1010.0,989.0,1005.0,39667071,1001.333333,1
2024-10-08,2330.tw,1000.0,1010.0,997.0,1010.0,30845902,1005.666667,1
2024-10-09,2330.tw,1030.0,1035.0,1020.0,1020.0,46975717,1025.0,1
2024-10-11,2330.tw,1025.0,1050.0,1020.0,1045.0,43058754,1038.333333,1
2024-10-14,2330.tw,1045.0,1055.0,1035.0,1045.0,36858874,1045.0,1
2024-10-15,2330.tw,1050.0,1075.0,1050.0,1070.0,42850176,1065.0,1
2024-10-16,2330.tw,1040.0,1070.0,1035.0,1045.0,52652149,1050.0,1
2024-10-17,2330.tw,1050.0,1055.0,1030.0,1035.0,54173771,1040.0,1
2024-10-18,2330.tw,1095.0,1100.0,1075.0,1085.0,85011961,1086.666667,1
2024-10-21,2330.tw,1090.0,1095.0,1080.0,1085.0,36491060,1086.666667,1
2024-10-22,2330.tw,1065.0,1075.0,1060.0,1075.0,41197877,1070.0,1
2024-10-23,2330.tw,1060.0,1070.0,1055.0,1060.0,31423466,1061.666667,1
2024-10-24,2330.tw,1070.0,1075.0,1055.0,1060.0,38236996,1063.333333,1
2024-10-25,2330.tw,1065.0,1070.0,1060.0,1065.0,22009575,1065.0,1
2024-10-28,2330.tw,1075.0,1080.0,1050.0,1050.0,40142324,1060.0,1
2024-10-29,2330.tw,1035.0,1040.0,1020.0,1040.0,45415773,1033.333333,1
2024-10-30,2330.tw,1040.0,1055.0,1030.0,1030.0,38201984,1038.333333,1
2024-11-01,2330.tw,996.0,1030.0,996.0,1025.0,54480255,1017.0,1
2024-11-04,2330.tw,1030.0,1045.0,1025.0,1040.0,26747978,1036.666667,1
2024-11-05,2330.tw,1030.0,1055.0,1030.0,1050.0,32385622,1045.0,1
2024-11-06,2330.tw,1050.0,1080.0,1040.0,1060.0,55349259,1060.0,1
2024-11-07,2330.tw,1050.0,1075.0,1050.0,1065.0,43975446,1063.333333,1
2024-11-08,2330.tw,1085.0,1090.0,1080.0,1090.0,37099479,1086.666667,1
2024-11-11,2330.tw,1080.0,1090.0,1070.0,1085.0,34690205,1081.666667,1
2024-11-12,2330.tw,1060.0,1065.0,1050.0,1050.0,51099848,1055.0,1
2024-11-13,2330.tw,1045.0,1050.0,1035.0,1035.0,42331232,1040.0,1
2024-11-14,2330.tw,1030.0,1040.0,1025.0,1035.0,44627940,1033.333333,1
2024-11-15,2330.tw,1040.0,1045.0,1030.0,1035.0,34791611,1036.666667,1
2024-11-18,2330.tw,1030.0,1035.0,1020.0,1025.0,31815076,1026.666667,1
2024-11-19,2330.tw,1030.0,1045.0,1025.0,1040.0,24349599,1036.666667,1
2024-11-20,2330.tw,1025.0,1025.0,1025.0,1025.0,40203197,1025.0,1
2024-11-21,2330.tw,1020.0,1025.0,1010.0,1010.0,41429227,1015.0,1
2024-11-22,2330.tw,1035.0,1050.0,1035.0,1040.0,25187973,1041.666667,1
2024-11-25,2330.tw,1045.0,1050.0,1030.0,1030.0,49566674,1036.666667,1
2024-11-26,2330.tw,1015.0,1020.0,1010.0,1010.0,27312402,1013.333333,1
2024-11-27,2330.tw,1010.0,1020.0,1000.0,1000.0,31276090,1006.666667,1
2024-11-28,2330.tw,1005.0,1005.0,992.0,1005.0,33689956,1000.666667,1
2024-11-29,2330.tw,995.0,1010.0,994.0,996.0,40094983,1000.0,1
2024-12-02,2330.tw,1020.0,1040.0,1015.0,1035.0,31168404,1030.0,1
2024-12-03,2330.tw,1060.0,1065.0,1055.0,1055.0,43414538,1058.333333,1
2024-12-04,2330.tw,1065.0,1070.0,1055.0,1070.0,33466290,1065.0,1
2024-12-05,2330.tw,1070.0,1080.0,1070.0,1075.0,31425359,1075.0,1
2024-12-06,2330.tw,1075.0,1080.0,1060.0,1065.0,30765288,1068.333333,1
2024-12-09,2330.tw,1070.0,1075.0,1065.0,1075.0,22247131,1071.666667,1
2024-12-10,2330.tw,1070.0,1075.0,1060.0,1065.0,28506584,1066.666667,1
2024-12-11,2330.tw,1045.0,1060.0,1045.0,1045.0,25264194,1050.0,1
2024-12-12,2330.tw,1060.0,1065.0,1055.0,1060.0,22791260,1060.0,1
2024-12-13,2330.tw,1060.0,1070.0,1055.0,1065.0,20423659,1063.333333,1
2024-12-16,2330.tw,1085.0,1085.0,1075.0,1085.0,39722392,1081.666667,1
2024-12-17,2330.tw,1090.0,1095.0,1075.0,1075.0,37880707,1081.666667,1
2024-12-18,2330.tw,1075.0,1090.0,1070.0,1085.0,41863190,1081.666667,1
2024-12-19,2330.tw,1065.0,1070.0,1055.0,1070.0,42702851,1065.0,1
2024-12-20,2330.tw,1060.0,1060.0,1035.0,1035.0,52030520,1043.333333,1
2024-12-23,2330.tw,1065.0,1080.0,1060.0,1080.0,30728473,1073.333333,1
2024-12-24,2330.tw,1095.0,1095.0,1080.0,1080.0,26461906,1085.0,1
2024-12-25,2330.tw,1090.0,1090.0,1080.0,1085.0,15481622,1085.0,1
2024-12-26,2330.tw,1085.0,1090.0,1085.0,1085.0,14374900,1086.666667,1
2024-12-27,2330.tw,1080.0,1095.0,1080.0,1090.0,24948385,1088.333333,1
2024-12-30,2330.tw,1090.0,1095.0,1085.0,1090.0,23954634,1090.0,1
2024-12-31,2330.tw,1080.0,1085.0,1075.0,1075.0,28397820,1078.333333,1
2025-01-02,2330.tw,1070.0,1075.0,1055.0,1065.0,43177098,1065.0,1
2025-01-03,2330.tw,1080.0,1085.0,1075.0,1075.0,30415096,1078.333333,1
2025-01-06,2330.tw,1100.0,1125.0,1095.0,1125.0,69289786,1115.0,1
2025-01-07,2330.tw,1150.0,1160.0,1130.0,1130.0,48758688,1140.0,1
2025-01-08,2330.tw,1110.0,1130.0,1105.0,1105.0,45211419,1113.333333,1
2025-01-09,2330.tw,1100.0,1115.0,1100.0,1100.0,27263215,1105.0,1
2025-01-10,2330.tw,1100.0,1110.0,1100.0,1100.0,22021522,1103.333333,1
2025-01-13,2330.tw,1110.0,1115.0,1070.0,1075.0,56690300,1086.666667,1
2025-01-14,2330.tw,1085.0,1090.0,1075.0,1090.0,28695247,1085.0,1
2025-01-15,2330.tw,1085.0,1085.0,1065.0,1065.0,35489482,1071.666667,1
2025-01-16,2330.tw,1095.0,1115.0,1090.0,1105.0,47542962,1103.333333,1
2025-01-17,2330.tw,1125.0,1125.0,1095.0,1120.0,59214050,1113.333333,1
2025-01-20,2330.tw,1125.0,1135.0,1120.0,1120.0,29834528,1125.0,1
2025-01-21,2330.tw,1115.0,1125.0,1110.0,1120.0,21904213,1118.333333,1
2025-01-22,2330.tw,1140.0,1150.0,1135.0,1135.0,42960405,1140.0,1
2025-02-03,2330.tw,1065.0,1075.0,1060.0,1070.0,97946226,1068.333333,1
2025-02-04,2330.tw,1085.0,1100.0,1080.0,1095.0,53308108,1091.666667,1
2025-02-05,2330.tw,1110.0,1120.0,1105.0,1110.0,40385340,1111.666667,1
2025-02-06,2330.tw,1120.0,1120.0,1105.0,1115.0,29971252,1113.333333,1
2025-02-07,2330.tw,1110.0,1125.0,1105.0,1125.0,27883220,1118.333333,1
2025-02-10,2330.tw,1125.0,1125.0,1095.0,1105.0,28527108,1108.333333,1
2025-02-11,2330.tw,1110.0,1115.0,1100.0,1110.0,18898928,1108.333333,1
2025-02-12,2330.tw,1110.0,1115.0,1100.0,1100.0,24172954,1105.0,1
2025-02-13,2330.tw,1090.0,1095.0,1080.0,1090.0,33210403,1088.333333,1
2025-02-14,2330.tw,1065.0,1070.0,1060.0,1060.0,64486940,1063.333333,1
2025-02-17,2330.tw,1065.0,1085.0,1065.0,1085.0,35491271,1078.333333,1
2025-02-18,2330.tw,1085.0,1100.0,1080.0,1100.0,21616188,1093.333333,1
2025-02-19,2330.tw,1090.0,1095.0,1085.0,1090.0,26400293,1090.0,1
2025-02-20,2330.tw,1080.0,1085.0,1070.0,1080.0,29643124,1078.333333,1
2025-02-21,2330.tw,1085.0,1095.0,1080.0,1095.0,28972910,1090.0,1
2025-02-24,2330.tw,1080.0,1085.0,1075.0,1075.0,30822970,1078.333333,1
2025-02-25,2330.tw,1055.0,1060.0,1050.0,1055.0,45158522,1055.0,1
2025-02-26,2330.tw,1045.0,1060.0,1045.0,1060.0,36768449,1055.0,1
2025-02-27,2330.tw,1065.0,1065.0,1040.0,1040.0,55283596,1048.333333,1
2025-03-03,2330.tw,1000.0,1020.0,1000.0,1020.0,65621663,1013.333333,1
2025-03-04,2330.tw,996.0,1010.0,996.0,1000.0,64569262,1002.0,1
2025-03-05,2330.tw,1020.0,1030.0,1015.0,1020.0,41994320,1021.666667,1
2025-03-06,2330.tw,1020.0,1025.0,1005.0,1005.0,45187017,1011.666667,1
2025-03-07,2330.tw,1005.0,1010.0,1000.0,1005.0,40822280,1005.0,1
2025-03-10,2330.tw,1005.0,1005.0,992.0,998.0,46849886,998.333333,1
2025-03-11,2330.tw,969.0,979.0,963.0,971.0,50204233,971.0,1
2025-03-12,2330.tw,980.0,995.0,976.0,988.0,34184887,986.333333,1
2025-03-13,2330.tw,1000.0,1005.0,965.0,965.0,37035693,978.333333,1
2025-03-14,2330.tw,965.0,969.0,955.0,959.0,34333748,961.0,1
2025-03-17,2330.tw,977.0,985.0,968.0,970.0,31491061,974.333333,1
2025-03-18,2330.tw,976.0,978.0,968.0,971.0,21575327,972.333333,1
2025-03-19,2330.tw,965.0,967.0,950.0,952.0,35245036,956.333333,1
2025-03-20,2330.tw,978.0,985.0,971.0,985.0,28715956,980.333333,1
2025-03-21,2330.tw,985.0,987.0,970.0,972.0,39214916,976.333333,1
2025-03-24,2330.tw,986.0,987.0,972.0,972.0,16121506,977.0,1
2025-03-25,2330.tw,989.0,995.0,985.0,990.0,26167428,990.0,1
2025-03-26,2330.tw,995.0,995.0,980.0,980.0,21735917,985.0,1
2025-03-27,2330.tw,961.0,964.0,958.0,958.0,34563256,960.0,1
2025-03-28,2330.tw,946.0,955.0,946.0,952.0,33101234,951.0,1
2025-03-31,2330.tw,920.0,924.0,910.0,910.0,51064611,914.666667,1
2025-04-01,2330.tw,929.0,946.0,925.0,944.0,32197752,938.333333,1
2025-04-02,2330.tw,949.0,952.0,938.0,942.0,24849656,944.0,1
2025-04-07,2330.tw,848.0,848.0,848.0,848.0,23820773,848.0,1
2025-04-08,2330.tw,797.0,843.0,797.0,816.0,116648736,818.666667,1
2025-04-09,2330.tw,809.0,826.0,780.0,785.0,107582838,797.0,1
2025-04-10,2330.tw,863.0,863.0,863.0,863.0,19416428,863.0,1
2025-04-11,2330.tw,848.0,889.0,836.0,889.0,76103586,871.333333,1
2025-04-14,2330.tw,895.0,903.0,865.0,865.0,66326054,877.666667,1
2025-04-15,2330.tw,874.0,879.0,865.0,877.0,30562095,873.666667,1
2025-04-16,2330.tw,867.0,869.0,852.0,855.0,42128082,858.666667,1
2025-04-17,2330.tw,849.0,856.0,842.0,847.0,33684502,848.333333,1
2025-04-18,2330.tw,853.0,858.0,850.0,850.0,20101219,852.666667,1
2025-04-21,2330.tw,844.0,847.0,832.0,835.0,18415705,838.0,1
2025-04-22,2330.tw,826.0,829.0,816.0,816.0,28888527,820.333333,1
2025-04-23,2330.tw,853.0,873.0,848.0,873.0,37863656,864.666667,1
2025-04-24,2330.tw,886.0,886.0,859.0,864.0,32238198,869.666667,1
2025-04-25,2330.tw,900.0,901.0,886.0,888.0,34640282,891.666667,1
2025-04-28,2330.tw,898.0,898.0,893.0,897.0,21830091,896.0,1
2025-04-29,2330.tw,897.0,902.0,893.0,902.0,24362874,899.0,1
2025-04-30,2330.tw,901.0,908.0,899.0,908.0,35405654,905.0,1
2025-05-02,2330.tw,938.0,950.0,932.0,950.0,43873135,944.0,1
2025-05-05,2330.tw,956.0,957.0,923.0,938.0,52770209,939.333333,1
2025-05-06,2330.tw,916.0,930.0,916.0,920.0,37538894,922.0,1
2025-05-07,2330.tw,925.0,932.0,911.0,928.0,36907620,923.666667,1
2025-05-08,2330.tw,933.0,939.0,918.0,918.0,27985917,925.0,1
2025-05-09,2330.tw,938.0,949.0,934.0,949.0,36383573,944.0,1
2025-05-12,2330.tw,954.0,962.0,952.0,957.0,23402547,957.0,1
2025-05-13,2330.tw,990.0,990.0,969.0,969.0,38047856,976.0,1
2025-05-14,2330.tw,990.0,999.0,988.0,999.0,40475123,995.333333,1
2025-05-15,2330.tw,1000.0,1000.0,993.0,993.0,24662270,995.333333,1
2025-05-16,2330.tw,991.0,998.0,989.0,998.0,16878650,995.0,1
2025-05-19,2330.tw,993.0,994.0,980.0,984.0,19906139,986.0,1
2025-05-20,2330.tw,991.0,994.0,978.0,978.0,20897857,983.333333,1
2025-05-21,2330.tw,986.0,999.0,983.0,990.0,26248757,990.666667,1
2025-05-22,2330.tw,988.0,988.0,979.0,982.0,18747545,983.0,1
2025-05-23,2330.tw,993.0,993.0,975.0,984.0,22213030,984.0,1
2025-05-26,2330.tw,975.0,984.0,975.0,976.0,19329052,978.333333,1
2025-05-27,2330.tw,971.0,975.0,961.0,965.0,26355315,967.0,1
2025-05-28,2330.tw,984.0,985.0,967.0,967.0,26471533,973.0,1
2025-05-29,2330.tw,986.0,986.0,967.0,967.0,48602590,973.333333,1
2025-06-02,2330.tw,958.0,961.0,946.0,946.0,33676511,951.0,1
2025-06-03,2330.tw,960.0,965.0,950.0,950.0,26020787,955.0,1
2025-06-04,2330.tw,974.0,990.0,970.0,990.0,37233567,983.333333,1
2025-06-05,2330.tw,1000.0,1000.0,991.0,998.0,24414444,996.333333,1
2025-06-06,2330.tw,997.0,997.0,991.0,995.0,13670307,994.333333,1
2025-06-09,2330.tw,1005.0,1010.0,1000.0,1005.0,21674308,1005.0,1
2025-06-10,2330.tw,1025.0,1050.0,1020.0,1045.0,44877640,1038.333333,1
2025-06-11,2330.tw,1065.0,1070.0,1055.0,1065.0,37178498,1063.333333,1
2025-06-12,2330.tw,1055.0,1060.0,1045.0,1045.0,25221606,1050.0,1
2025-06-13,2330.tw,1040.0,1040.0,1025.0,1030.0,28393455,1031.666667,1
2025-06-16,2330.tw,1030.0,1030.0,1015.0,1025.0,28580673,1023.333333,1
2025-06-17,2330.tw,1040.0,1050.0,1035.0,1045.0,26517379,1043.333333,1
2025-06-18,2330.tw,1040.0,1055.0,1030.0,1055.0,37931721,1046.666667,1
2025-06-19,2330.tw,1045.0,1045.0,1030.0,1035.0,24002557,1036.666667,1
2025-06-20,2330.tw,1030.0,1055.0,1025.0,1055.0,57831332,1045.0,1
2025-06-23,2330.tw,1025.0,1030.0,1015.0,1020.0,32143872,1021.666667,1
2025-06-24,2330.tw,1045.0,1050.0,1040.0,1050.0,28163537,1046.666667,1
2025-06-25,2330.tw,1060.0,1070.0,1055.0,1070.0,38783736,1065.0,1
2025-06-26,2330.tw,1075.0,1080.0,1065.0,1075.0,36056692,1073.333333,1
2025-06-27,2330.tw,1070.0,1080.0,1060.0,1080.0,32549027,1073.333333,1
2025-06-30,2330.tw,1075.0,1080.0,1060.0,1060.0,32413717,1066.666667,1
2025-07-01,2330.tw,1080.0,1095.0,1075.0,1085.0,44299887,1085.0,1
2025-07-02,2330.tw,1075.0,1085.0,1070.0,1085.0,23822731,1080.0,1
2025-07-03,2330.tw,1105.0,1105.0,1090.0,1090.0,36973556,1095.0,1
2025-07-04,2330.tw,1095.0,1100.0,1080.0,1085.0,20363322,1088.333333,1
2025-07-07,2330.tw,1080.0,1085.0,1070.0,1080.0,18829372,1078.333333,1
2025-07-08,2330.tw,1070.0,1080.0,1065.0,1080.0,27461252,1075.0,1
2025-07-09,2330.tw,1070.0,1090.0,1065.0,1090.0,23618216,1081.666667,1
2025-07-10,2330.tw,1095.0,1100.0,1090.0,1100.0,22350503,1096.666667,1
2025-07-11,2330.tw,1095.0,1100.0,1090.0,1100.0,28249780,1096.666667,1
2025-07-14,2330.tw,1100.0,1100.0,1085.0,1095.0,25760632,1093.333333,1
2025-07-15,2330.tw,1095.0,1115.0,1090.0,1110.0,45416390,1105.0,1
2025-07-16,2330.tw,1120.0,1130.0,1120.0,1130.0,31013743,1126.666667,1
2025-07-17,2330.tw,1130.0,1135.0,1115.0,1130.0,30648595,1126.666667,1
2025-07-18,2330.tw,1155.0,1160.0,1145.0,1155.0,46645034,1153.333333,1
2025-07-21,2330.tw,1145.0,1150.0,1135.0,1150.0,26749324,1145.0,1
2025-07-22,2330.tw,1145.0,1160.0,1130.0,1130.0,50457506,1140.0,1
2025-07-23,2330.tw,1140.0,1145.0,1135.0,1145.0,29747757,1141.666667,1
2025-07-24,2330.tw,1150.0,1155.0,1145.0,1145.0,15055463,1148.333333,1
2025-07-25,2330.tw,1150.0,1155.0,1140.0,1145.0,22476546,1146.666667,1
2025-07-28,2330.tw,1155.0,1160.0,1145.0,1145.0,20606376,1150.0,1
2025-07-29,2330.tw,1145.0,1145.0,1125.0,1135.0,31763255,1135.0,1
2025-07-30,2330.tw,1150.0,1160.0,1145.0,1155.0,34182363,1153.333333,1
2025-07-31,2330.tw,1160.0,1165.0,1155.0,1160.0,33230751,1160.0,1
2025-08-04,2330.tw,1130.0,1135.0,1125.0,1135.0,23939021,1131.666667,1
2025-08-05,2330.tw,1145.0,1150.0,1140.0,1150.0,17012960,1146.666667,1
2025-08-06,2330.tw,1130.0,1135.0,1125.0,1125.0,22023406,1128.333333,1
2025-08-07,2330.tw,1160.0,1180.0,1155.0,1180.0,61370031,1171.666667,1
2025-08-08,2330.tw,1180.0,1185.0,1170.0,1175.0,25958258,1176.666667,1
2025-08-11,2330.tw,1170.0,1195.0,1165.0,1180.0,35579367,1180.0,1
2025-08-12,2330.tw,1180.0,1190.0,1170.0,1180.0,28917167,1180.0,1
2025-08-13,2330.tw,1185.0,1200.0,1185.0,1200.0,37809952,1195.0,1
2025-08-14,2330.tw,1185.0,1190.0,1175.0,1175.0,32991791,1180.0,1
2025-08-15,2330.tw,1175.0,1185.0,1170.0,1180.0,22231552,1178.333333,1
2025-08-18,2330.tw,1170.0,1185.0,1170.0,1180.0,18219895,1178.333333,1
2025-08-19,2330.tw,1180.0,1185.0,1175.0,1185.0,17867547,1181.666667,1
2025-08-20,2330.tw,1165.0,1165.0,1135.0,1135.0,66982023,1145.0,1
2025-08-21,2330.tw,1140.0,1155.0,1140.0,1150.0,23424804,1148.333333,1
2025-08-22,2330.tw,1155.0,1155.0,1135.0,1135.0,19205763,1141.666667,1
2025-08-25,2330.tw,1165.0,1180.0,1160.0,1170.0,25103514,1170.0,1
2025-08-26,2330.tw,1165.0,1185.0,1160.0,1175.0,35508897,1173.333333,1
2025-08-27,2330.tw,1190.0,1190.0,1180.0,1190.0,21952558,1186.666667,1
2025-08-28,2330.tw,1185.0,1185.0,1160.0,1160.0,19975237,1168.333333,1
2025-08-29,2330.tw,1180.0,1185.0,1160.0,1160.0,19522740,1168.333333,1
2025-09-01,2330.tw,1150.0,1165.0,1145.0,1165.0,22018940,1158.333333,1
2025-09-02,2330.tw,1170.0,1175.0,1155.0,1160.0,14037411,1163.333333,1
2025-09-03,2330.tw,1155.0,1160.0,1145.0,1160.0,19511981,1155.0,1
2025-09-04,2330.tw,1170.0,1175.0,1160.0,1160.0,24333323,1165.0,1
2025-09-05,2330.tw,1175.0,1180.0,1170.0,1180.0,27133819,1176.666667,1
2025-09-08,2330.tw,1195.0,1195.0,1180.0,1180.0,27281959,1185.0,1
2025-09-09,2330.tw,1195.0,1200.0,1190.0,1200.0,31329096,1196.666667,1
2025-09-10,2330.tw,1220.0,1230.0,1215.0,1225.0,39665156,1223.333333,1
2025-09-11,2330.tw,1255.0,1260.0,1235.0,1240.0,30345708,1245.0,1
2025-09-12,2330.tw,1255.0,1260.0,1250.0,1260.0,26492972,1256.666667,1
2025-09-15,2330.tw,1260.0,1260.0,1250.0,1255.0,24589707,1255.0,1
2025-09-16,2330.tw,1265.0,1285.0,1260.0,1280.0,40130070,1275.0,1
2025-09-17,2330.tw,1270.0,1275.0,1265.0,1265.0,29283972,1268.333333,1
2025-09-18,2330.tw,1275.0,1285.0,1265.0,1285.0,24191307,1278.333333,1
2025-09-19,2330.tw,1285.0,1290.0,1265.0,1265.0,44913316,1273.333333,1
2025-09-22,2330.tw,1270.0,1295.0,1270.0,1295.0,28859955,1286.666667,1
2025-09-23,2330.tw,1320.0,1340.0,1315.0,1340.0,33953781,1331.666667,1
2025-09-24,2330.tw,1350.0,1355.0,1325.0,1340.0,44737182,1340.0,1
2025-09-25,2330.tw,1320.0,1330.0,1320.0,1320.0,25861812,1323.333333,1
2025-09-26,2330.tw,1310.0,1315.0,1295.0,1300.0,25793295,1303.333333,1
